{"schemaVersion":"1.0","appDefinitionTemplate":{"id":"/providers/Microsoft.PowerApps/apps/","type":"Microsoft.PowerApps/apps","tags":{"primaryDeviceWidth":"1366","primaryDeviceHeight":"768","supportsPortrait":"true","supportsLandscape":"true","primaryFormFactor":"Tablet","showStatusBar":"false","publisherVersion":"3.24074.14","minimumRequiredApiVersion":"2.2.0","hasComponent":"true","hasUnlockedComponent":"true","isUnifiedRootApp":"false","sienaVersion":"20240808T104515Z-3.24074.14.0"},"properties":{"appVersion":"2024-08-08T10:45:15Z","lifeCycleId":"Published","createdByClientVersion":{"major":3,"minor":24074,"build":14,"revision":0,"majorRevision":0,"minorRevision":0},"minClientVersion":{"major":3,"minor":24074,"build":14,"revision":0,"majorRevision":0,"minorRevision":0},"backgroundColor":"RGBA(0,176,240,1)","backgroundImageUri":"/12666021256774482834/Ned23f8c6-8a9b-406a-bb5a-237d42ddb09b-logoSmallFile","displayName":"GHFL Forum","description":"","commitMessage":"","appUris":{"documentUri":{"value":"/12666021256774482834/N45e48826-cac0-467c-8e78-924f84ce6429-document.msapp"},"imageUris":[],"additionalUris":[{"isSolutionAware":false,"value":"/12666021256774482834/N271e25ab-f48e-454e-bbc2-a96c85812ce5-identity.json"}]},"createdTime":"0001-01-01T00:00:00Z","lastModifiedTime":"0001-01-01T00:00:00Z","sharedGroupsCount":0,"sharedUsersCount":0,"connectionReferences":{"28268e0e-63d7-4d7b-93c7-d5a4cdde6714":{"id":"44c1cd72-9a06-417f-b943-bd4e3b076299","displayName":"Office 365 Outlook","iconUri":"https://connectoricons-prod.azureedge.net/releases/v1.0.1686/1.0.1686.3706/office365/icon.png","dataSources":["Office365Outlook"],"dependencies":[],"dependents":[],"parameterHints":{},"parameterHintsV2":{},"isOnPremiseConnection":false,"bypassConsent":false,"dataSets":{},"apiTier":"Standard","isCustomApiConnection":false,"actions":["SendEmailV2"]},"a34b2399-3b41-4064-b301-d400de85cad0":{"id":"6ca5de39-ec32-4ee0-9ada-92279d4dd7d9","displayName":"SharePoint","iconUri":"https://connectoricons-prod.azureedge.net/u/jayawan/releases/v1.0.1697/1.0.1697.3786/sharepointonline/icon.png","dataSources":["LoginDetails","Questions List","Forums & Categories","Notifications List"],"dependencies":[],"dependents":[],"parameterHints":{},"parameterHintsV2":{},"isOnPremiseConnection":false,"bypassConsent":false,"dataSets":{"https://digifac.sharepoint.com/sites/GrihumForumsSite":{"dataSources":{"Forums & Categories":{"tableName":"e314e0b2-b795-493f-8a07-f547958258d4"},"LoginDetails":{"tableName":"16070c85-5756-4284-956f-1327e352be6a"},"Notifications List":{"tableName":"a6aa3fc3-4682-4de6-bc95-91d24e76245f"},"Questions List":{"tableName":"c40254c3-d25c-4ba1-81e3-5f4faa79675f"}}}},"apiTier":"Standard","isCustomApiConnection":false,"actions":["providers/PowerPlatform.Governance/Operations/Read","providers/PowerPlatform.Governance/Operations/Write"]}},"databaseReferences":{},"almMode":"Solution","performanceOptimizationEnabled":true,"canConsumeAppPass":true,"enableModernRuntimeMode":false,"executionRestrictions":{"isTeamsOnly":false,"dataLossPreventionEvaluationResult":{"status":"Compliant","lastEvaluationDate":"2024-08-02T05:16:49.4270647Z","violations":[],"violationsByPolicy":[],"violationErrorMessage":"The app uses the following connectors: ."}}},"appType":"ClassicCanvasApp","appComponents":[]}}